;DE_DE;EN_GB;ES_ES;FR_FR;IT_IT
af;Afrikaans;Afrikaans;Afrikaans;Afrikaans;Afrikaans
af_NA;Afrikaans (Namibia);Afrikaans (Namibia);Afrikaans (Namibia);Afrikaans (Namibie);Afrikaans (Namibia)
af_ZA;Afrikaans (Südafrika);Afrikaans (South Africa);Afrikaans (Sudáfrica);Afrikaans (Afrique du Sud);Afrikaans (Sudafrica)
agq;Aghem;Aghem;Aghem;Aghem;Aghem
agq_CM;Aghem (Kamerun);Aghem (Cameroon);Aghem (Camerún);Aghem (Cameroun);Aghem (Camerun)
ak;Akan;Akan;Akan;Akan;Akan
ak_GH;Akan (Ghana);Akan (Ghana);Akan (Ghana);Akan (Ghana);Akan (Ghana)
am;Amharisch;Amharic;Amárico;Amharique;Amarico
am_ET;Amharisch (Äthiopien);Amharic (Ethiopia);Amárico (Etiopía);Amharique (Éthiopie);Amarico (Etiopia)
ar;Arabisch;Arabic;Árabe;Arabe;Arabo
ar_001;Arabisch (Welt);Arabic (World);Árabe (Mundo);Arabe (monde);Arabo (Mondo)
ar_AE;Arabisch (Vereinigte Arabische Emirate);Arabic (United Arab Emirates);Árabe (Emiratos Árabes Unidos);Arabe (Émirats arabes unis);Arabo (Emirati Arabi Uniti)
ar_BH;Arabisch (Bahrain);Arabic (Bahrain);Árabe (Bahréin);Arabe (Bahreïn);Arabo (Bahrain)
ar_DJ;Arabisch (Dschibuti);Arabic (Djibouti);Árabe (Yibuti);Arabe (Djibouti);Arabo (Gibuti)
ar_DZ;Arabisch (Algerien);Arabic (Algeria);Árabe (Argelia);Arabe (Algérie);Arabo (Algeria)
ar_EG;Arabisch (Ägypten);Arabic (Egypt);Árabe (Egipto);Arabe (Égypte);Arabo (Egitto)
ar_EH;Arabisch (Westsahara);Arabic (Western Sahara);Árabe (Sahara Occidental);Arabe (Sahara occidental);Arabo (Sahara occidentale)
ar_ER;Arabisch (Eritrea);Arabic (Eritrea);Árabe (Eritrea);arabe (Érythrée);Arabo (Eritrea)
ar_IL;Arabisch (Israel);Arabic (Israel);Árabe (Israel);arabe (Israël);Arabo (Israele)
ar_IQ;Arabisch (Irak);Arabic (Iraq);Árabe (Iraq);arabe (Irak);Arabo (Iraq)
ar_JO;Arabisch (Jordanien);Arabic (Jordan);Árabe (Jordania);arabe (Jordanie);Arabo (Giordania)
ar_KM;Arabisch (Komoren);Arabic (Comoros);Árabe (Comoras);arabe (Comores);Arabo (Comore)
ar_KW;Arabisch (Kuwait);Arabic (Kuwait);Árabe (Kuwait);arabe (Koweït);Arabo (Kuwait)
ar_LB;Arabisch (Libanon);Arabic (Lebanon);Árabe (Líbano);arabe (Liban);Arabo (Libano)
ar_LY;Arabisch (Libyen);Arabic (Libya);Árabe (Libia);arabe (Libye);Arabo (Libia)
ar_MA;Arabisch (Marokko);Arabic (Morocco);Árabe (Marruecos);arabe (Maroc);Arabo (Marocco)
ar_MR;Arabisch (Mauretanien);Arabic (Mauritania);Árabe (Mauritania);arabe (Mauritanie);Arabo (Mauritania)
ar_OM;Arabisch (Oman);Arabic (Oman);Árabe (Omán);arabe (Oman);Arabo (Oman)
ar_PS;Arabisch (Palästinensische Autonomiegebiete);Arabic (Palestinian Territories);Árabe (Territorios Palestinos);Arabe (Territoires palestiniens);Arabo (Territori palestinesi)
ar_QA;Arabisch (Katar);Arabic (Qatar);Árabe (Qatar);arabe (Qatar);Arabo (Qatar)
ar_SA;Arabisch (Saudi-Arabien);Arabic (Saudi Arabia);Árabe (Arabia Saudí);arabe (Arabie saoudite);Arabo (Arabia Saudita)
ar_SD;Arabisch (Sudan);Arabic (Sudan);Árabe (Sudán);arabe (Soudan);Arabo (Sudan)
ar_SO;Arabisch (Somalia);Arabic (Somalia);Árabe (Somalia);arabe (Somalie);Arabo (Somalia)
ar_SS;Arabisch (Südsudan);Arabic (South Sudan);Árabe (Sudán del Sur);arabe (Soudan du Sud);Arabo (Sudan meridionale)
ar_SY;Arabisch (Syrien);Arabic (Syria);Árabe (Siria);arabe (Syrie);Arabo (Siria)
ar_TD;Arabisch (Tschad);Arabic (Chad);Árabe (Chad);arabe (Tchad);Arabo (Ciad)
ar_TN;Arabisch (Tunesien);Arabic (Tunisia);Árabe (Túnez);arabe (Tunisie);Arabo (Tunisia)
ar_YE;Arabisch (Jemen);Arabic (Yemen);Árabe (Yemen);arabe (Yémen);Arabo (Yemen)
as;Assamesisch;Assamese;Asamés;Assamais;Assamese
as_IN;Assamesisch (Indien);Assamese (India);Asamés (India);Assamais (Inde);Assamese (India)
asa;Asu;Asu;Asu;Asu;Asu
asa_TZ;Asu (Tansania);Asu (Tanzania);Asu (Tanzania);Asu (Tanzanie);Asu (Tanzania)
ast;Asturianisch;Asturian;Asturiano;Asturien;Asturiano
ast_ES;Asturianisch (Spanien);Asturian (Spain);Asturiano (España);Asturien (Espagne);Asturiano (Spagna)
az;Aserbaidschanisch;Azerbaijani;Azerbaiyano;Azerbaïdjanais;Azerbaijani
az_Cyrl;Aserbaidschanisch (Kyrillisch);Azerbaijani (Cyrillic);Azerbaiyano (cirílico);Azerbaïdjanais (cyrillique);Azerbaigiano (cirillico)
az_Cyrl_AZ;Aserbaidschanisch (Kyrillisch, Aserbaidschan);Azerbaijani (Cyrillic, Azerbaijan);Azerbaiyano (cirílico, Azerbaiyán);Azerbaïdjanais (cyrillique, Azerbaïdjan);Azerbaigiano (cirillico, Azerbaigian)
az_Latn;Aserbaidschanisch (Lateinisch);Azerbaijani (Latin);Azerbaiyano (latín);Azerbaïdjanais (Latin);Azerbaigiano (latino)
az_Latn_AZ;Aserbaidschanisch (Lateinisch, Aserbaidschan);Azerbaijani (Latin, Azerbaijan);Azerbaiyano (latín, Azerbaiyán);Azerbaïdjanais (Latin, Azerbaïdjan);Azerbaigiano (latino, Azerbaigian)
bas;Basaa;Basaa;Basaa;Basaa;Basaa
bas_CM;Basaa (Kamerun);Basaa (Cameroon);Basaa (Camerún);Basaa (Cameroun);Basaa (Camerun)
be;Weißrussisch;Belarusian;Bielorruso;Biélorusse;Bielorusso
be_BY;Weißrussisch (Belarus);Belarusian (Belarus);Bielorruso (Bielorrusia);Biélorusse (Biélorussie);Bielorusso (Bielorussia)
bem;Bemba;Bemba;Bemba;Bemba;Bemba
bem_ZM;Bemba (Sambia);Bemba (Zambia);Bemba (Zambia);Bemba (Zambie);Bemba (Zambia)
bez;Bena;Bena;Bena;Bena;Bena
bez_TZ;Bena (Tansania);Bena (Tanzania);Bena (Tanzania);Bena (Tanzanie);Bena (Tanzania)
bg;Bulgarisch;Bulgarian;Búlgaro;Bulgare;Bulgaro
bg_BG;Bulgarisch (Bulgarien);Bulgarian (Bulgaria);Búlgaro (Bulgaria);Bulgare (Bulgarie);Bulgaro (Bulgaria)
bm;Bambara;Bambara;Bambara;Bambara;Bambara
bm_ML;Bambara (Mali);Bambara (Mali);Bambara (Malí);Bambara (Mali);Bambara (Mali)
bn;Bengalisch;Bengali;Bengalí;Bengali;Bengalese
bn_BD;Bengalisch (Bangladesch);Bengali (Bangladesh);Bengalí (Bangladesh);Bengali (Bangladesh);Bengalese (Bangladesh)
bn_IN;Bengalisch (Indien);Bengali (India);Bengalí (India);Bengali (Inde);Bengalese (India)
bo;Tibetisch;Tibetan;Tibetano;Tibétain;Tibetano
bo_CN;Tibetisch (China);Tibetan (China);Tibetano (China);Tibétain (Chine);Tibetano (Cina)
bo_IN;Tibetisch (Indien);Tibetan (India);Tibetano (India);Tibétain (Inde);Tibetano (India)
br;Bretonisch;Breton;Bretón;Breton;Bretone
br_FR;Bretonisch (Frankreich);Breton (France);Bretón (Francia);Breton (France);Bretone (Francia)
brx;Bodo;Bodo;Bodo;Bodo;Bodo
brx_IN;Bodo (Indien);Bodo (India);Bodo (India);Bodo (Inde);Bodo (India)
bs;Bosnisch;Bosnian;Bosnio;Bosniaque;bosniaco
bs_Cyrl;Bosnisch (Kyrillisch);Bosnian (Cyrillic);Bosnio (cirílico);Bosniaque (cyrillique);Bosniaco (cirillico)
bs_Cyrl_BA;Bosnisch (Kyrillisch, Bosnien und Herzegowina);Bosnian (Cyrillic, Bosnia and Herzegovina);Bosnio (cirílico, Bosnia y Herzegovina);Bosniaque (Cyrillique, Bosnie-Herzégovine);Bosniaco (cirillico, Bosnia-Erzegovina)
bs_Latn;Bosnisch (Lateinisch);Bosnian (Latin);Bosnio (latín);Bosniaque (Latin);Bosniaco (latino)
bs_Latn_BA;Bosnisch (Lateinisch, Bosnien und Herzegowina);Bosnian (Latin, Bosnia and Herzegovina);Bosnio (latín, Bosnia y Herzegovina);Bosniaque (latin, Bosnie-Herzégovine);Bosniaco (latino, Bosnia-Erzegovina)
ca;Katalanisch;Catalan;Catalán;Catalan;Catalano
ca_AD;Katalanisch (Andorra);Catalan (Andorra);Catalán (Andorra);Catalan (Andorre);Catalano (Andorra)
ca_ES;Katalanisch (Spanien);Catalan (Spain);Catalán (España);Catalan (Espagne);Catalano (Spagna)
ca_FR;Katalanisch (Frankreich);Catalan (France);Catalán (Francia);Catalan (France);Catalano (Francia)
ca_IT;Katalanisch (Italien);Catalan (Italy);Catalán (Italia);Catalan (Italie);Catalano (Italia)
ccp;ccp;ccp;ccp;ccp;ccp
ccp_BD;ccp (Bangladesch);ccp (Bangladesh);ccp (Bangladesh);ccp (Bangladesh);ccp (Bangladesh)
ccp_IN;ccp (Indien);ccp (India);ccp (India);ccp (Inde);ccp (India)
ce;Tschetschenisch;Chechen;Checheno;Tchétchène;ceceno
ce_RU;Tschetschenisch (Russland);Chechen (Russia);Checheno (Rusia);Tchétchène (Russie);Ceceno (Russia)
cgg;Rukiga;Rukiga;Rukiga;Rukiga;Rukiga
cgg_UG;Rukiga (Uganda);Rukiga (Uganda);Rukiga (Uganda);Rukiga (Ouganda);Rukiga (Uganda)
chr;Cherokee;Cherokee;Cherokee;Cherokee;Cherokee
chr_US;Cherokee (Vereinigte Staaten);Cherokee (United States);Cheroqui (Estados Unidos);Cherokee (États-Unis);Cherokee (Stati Uniti)
ckb;Zentralkurdisch;Central Kurdish;Kurdo central;Kurde central;Curdo centrale
ckb_IQ;Zentralkurdisch (Irak);Central Kurdish (Iraq);Kurdo central (Irak);Kurde central (Irak);Curdo centrale (Iraq)
ckb_IR;Zentralkurdisch (Iran);Central Kurdish (Iran);Kurdo central (Irán);Kurde central (Iran);Curdo centrale (Iran)
cs;Tschechisch;Czech;Checo;Tchèque;Ceco
cs_CZ;Tschechisch (Tschechien);Czech (Czech Republic);Checo (República Checa);Tchèque (République tchèque);Ceco (Repubblica Ceca)
cy;Walisisch;Welsh;Galés;Gallois;Gallese
cy_GB;Walisisch (Vereinigtes Königreich);Welsh (United Kingdom);Galés (Reino Unido);Gallois (Royaume-Uni);Gallese (Regno Unito)
da;Dänisch;Danish;Danés;Danois;Danese
da_DK;Dänisch (Dänemark);Danish (Denmark);Danés (Dinamarca);Danois (Danemark);Danese (Danimarca)
da_GL;Dänisch (Grönland);Danish (Greenland);Danés (Groenlandia);Danois (Groenland);Danese (Groenlandia)
dav;Taita;Taita;Taita;Taita;Taita
dav_KE;Taita (Kenia);Taita (Kenya);Taita (Kenia);Taita (Kenya);Taita (Kenya)
de;Deutsch;German;Alemán;Allemand;Tedesco
de_AT;Deutsch (Österreich);German (Austria);Alemán (Austria);Allemand (Autriche);Tedesco (Austria)
de_BE;Deutsch (Belgien);German (Belgium);Alemán (Bélgica);Allemand (Belgique);Tedesco (Belgio)
de_CH;Deutsch (Schweiz);German (Switzerland);Alemán (Suiza);Allemand (Suisse);Tedesco (Svizzera)
de_DE;Deutsch (Deutschland);German (Germany);Alemán (Alemania);Allemand (Allemagne);Tedesco (Germania)
de_IT;Deutsch (Italien);German (Italy);Alemán (Italia);Allemand (Italie);Tedesco (Italia)
de_LI;Deutsch (Liechtenstein);German (Liechtenstein);Alemán (Liechtenstein);Allemand (Liechtenstein);Tedesco (Liechtenstein)
de_LU;Deutsch (Luxemburg);German (Luxembourg);Alemán (Luxemburgo);Allemand (Luxembourg);Tedesco (Lussemburgo)
dje;Zarma;Zarma;Zarma;Zarma;Zarma
dje_NE;Zarma (Niger);Zarma (Niger);Zarma (Níger);Zarma (Niger);Zarma (Niger)
dsb;Niedersorbisch;Lower Sorbian;Bajo sorabo;Bas-sorabe;Sorabo inferiore
dsb_DE;Niedersorbisch (Deutschland);Lower Sorbian (Germany);Bajo sorabo (Alemania);Bas-sorabe (Allemagne);Sorabo inferiore (Germania)
dua;Duala;Duala;Duala;Duala;Duala
dua_CM;Duala (Kamerun);Duala (Cameroon);Duala (Camerún);Duala (Cameroun);Duala (Camerun)
dyo;Diola;Diola;Diola;Diola;Diola
dyo_SN;Diola (Senegal);Diola (Senegal);Diola (Senegal);Diola (Sénégal);Diola (Senegal)
dz;Dzongkha;Dzongkha;Dzongkha;Dzongkha;Dzongkha
dz_BT;Dzongkha (Bhutan);Dzongkha (Bhutan);Dzongkha (Bután);Dzongkha (Bhoutan);Dzongkha (Bhutan)
ebu;Embu;Embu;Embu;Embu;Embu
ebu_KE;Embu (Kenia);Embu (Kenya);Embu (Kenia);Embu (Kenya);Embu (Kenya)
ee;Ewe;Ewe;Ewe;Ewe;Ewe
ee_GH;Ewe (Ghana);Ewe (Ghana);Ewe (Ghana);Ewe (Ghana);Ewe (Ghana)
ee_TG;Ewe (Togo);Ewe (Togo);Ewe (Togo);Ewe (Togo);Ewe (Togo)
el;Griechisch;Greek;Griego;Grec;Greco
el_CY;Griechisch (Zypern);Greek (Cyprus);Griego (Chipre);Grec (Chypre);Greco (Cipro)
el_GR;Griechisch (Griechenland);Greek (Greece);Griego (Grecia);Grec (Grèce);Greco (Grecia)
en;Englisch;English;Inglés;Anglais;Inglese
en_001;Englisch (Welt);English (World);Inglés (Mundo);Anglais (monde);Inglese (Mondo)
en_150;Englisch (Europa);English (Europe);Inglés (Europa);Anglais (Europe);Inglese (Europa)
en_AG;Englisch (Antigua und Barbuda);English (Antigua and Barbuda);Inglés (Antigua y Barbuda);Anglais (Antigua et Barbuda);Inglese (Antigua e Barbuda)
en_AI;Englisch (Anguilla);English (Anguilla);Inglés (Anguila);Anglais (Anguilla);Inglese (Anguilla)
en_AS;Englisch (Amerikanisch-Samoa);English (American Samoa);Inglés (Samoa Americana);Anglais (Samoa américaines);Inglese (Samoa Americane)
en_AT;Englisch (Österreich);English (Austria);Inglés (Austria);anglais (Autriche);Inglese (Austria)
en_AU;Englisch (Australien);English (Australia);Inglés (Australia);anglais (Australie);Inglese (Australia)
en_BB;Englisch (Barbados);English (Barbados);Inglés (Barbados);anglais (Barbade);Inglese (Barbados)
en_BE;Englisch (Belgien);English (Belgium);Inglés (Bélgica);anglais (Belgique);Inglese (Belgio)
en_BI;Englisch (Burundi);English (Burundi);Inglés (Burundi);anglais (Burundi);Inglese (Burundi)
en_BM;Englisch (Bermuda);English (Bermuda);Inglés (Bermudas);Anglais (Bermudes);Inglese (Bermuda)
en_BS;Englisch (Bahamas);English (Bahamas);Inglés (Bahamas);anglais (Bahamas);Inglese (Bahamas)
en_BW;Englisch (Botsuana);English (Botswana);Inglés (Botsuana);anglais (Botswana);Inglese (Botswana)
en_BZ;Englisch (Belize);English (Belize);Inglés (Belice);anglais (Belize);Inglese (Belize)
en_CA;Englisch (Kanada);English (Canada);Inglés (Canadá);anglais (Canada);Inglese (Canada)
en_CC;Englisch (Kokosinseln);English (Cocos Islands);Inglés (Cocos Islands);anglais (îles Cocos);Inglese (Isole Cocos)
en_CH;Englisch (Schweiz);English (Switzerland);Inglés (Suiza);anglais (Suisse);Inglese (Svizzera)
en_CK;Englisch (Cookinseln);English (Cook Islands);Inglés (Islas Cook);anglais (îles Cook);Inglese (Isole Cook)
en_CM;Englisch (Kamerun);English (Cameroon);Inglés (Camerún);anglais (Cameroun);Inglese (Camerun)
en_CX;Englisch (Weihnachtsinsel);English (Christmas Island);Inglés (Christmas Island);Anglais (Île de Noël);Inglese (Isola di Natale)
en_CY;Englisch (Zypern);English (Cyprus);Inglés (Chipre);Anglais (Chypre);Inglese (Cipro)
en_DE;Englisch (Deutschland);English (Germany);Inglés (Alemania);Anglais (Allemagne);Inglese (Germania)
en_DG;Englisch (Diego Garcia);English (Diego Garcia);Inglés (Diego Garcia);Anglais (Diego Garcia);Inglese (Diego Garcia)
en_DK;Englisch (Dänemark);English (Denmark);Inglés (Dinamarca);anglais (Danemark);Inglese (Danimarca)
en_DM;Englisch (Dominica);English (Dominica);Inglés (Dominica);anglais (Dominique);Inglese (Dominica)
en_ER;Englisch (Eritrea);English (Eritrea);Inglés (Eritrea);anglais (Érythrée);Inglese (Eritrea)
en_FI;Englisch (Finnland);English (Finland);Inglés (Finlandia);Anglais (Finlande);Inglese (Finlandia)
en_FJ;Englisch (Fidschi);English (Fiji);Inglés (Fiji);anglais (Fidji);Inglese (Figi)
en_FK;Englisch (Falklandinseln);English (Falkland Islands);Inglés (Falkland Islands);anglais (îles Falkland);Inglese (Isole Falkland)
en_FM;Englisch (Mikronesien);English (Micronesia);Inglés (Micronesia);anglais (Micronésie);Inglese (Micronesia)
en_GB;Englisch (Vereinigtes Königreich);English (United Kingdom);Inglés (Reino Unido);Anglais (Royaume-Uni);Inglese (Regno Unito)
en_GD;Englisch (Grenada);English (Grenada);Inglés (Granada);anglais (Grenade);Inglese (Grenada)
en_GG;Englisch (Guernsey);English (Guernsey);Inglés (Guernsey);anglais (Guernesey);Inglese (Guernsey)
en_GH;Englisch (Ghana);English (Ghana);Inglés (Ghana);anglais (Ghana);Inglese (Ghana)
en_GI;Englisch (Gibraltar);English (Gibraltar);Inglés (Gibraltar);anglais (Gibraltar);Inglese (Gibilterra)
en_GM;Englisch (Gambia);English (Gambia);Inglés (Gambia);anglais (Gambie);Inglese (Gambia)
en_GU;Englisch (Guam);English (Guam);Inglés (Guam);anglais (Guam);Inglese (Guam)
en_GY;Englisch (Guyana);English (Guyana);Inglés (Guyana);Anglais (Guyana);Inglese (Guyana)
en_HK;Englisch (Sonderverwaltungsregion Hongkong);English (Hong Kong Special Administrative Region);Inglés (Hong Kong, Región Administrativa Especial);Anglais (Région administrative spéciale de Hong Kong);Inglese (Regione amministrativa speciale di Hong Kong)
en_IE;Englisch (Irland);English (Ireland);Inglés (Irlanda);Anglais (Irlande);Inglese (Irlanda)
en_IL;Englisch (Israel);English (Israel);Inglés (Israel);Anglais (Israël);Inglese (Israele)
en_IM;Englisch (Isle of Man);English (Isle of Man);Inglés (Isla de Man);Anglais (Île de Man);Inglese (Isola di Man)
en_IN;Englisch (Indien);English (India);Inglés (India);Anglais (Inde);Inglese (India)
en_IO;Englisch (Britisches Territorium im Indischen Ozean);English (British Indian Ocean Territory);Inglés (Territorio Británico del Océano Índico);Anglais (Territoire britannique de l'océan Indien);Inglese (Territorio britannico dell'Oceano Indiano)
en_JE;Englisch (Jersey);English (Jersey);Inglés (Jersey);Anglais (Jersey);Inglese (Jersey)
en_JM;Englisch (Jamaika);English (Jamaica);Inglés (Jamaica);anglais (Jamaïque);Inglese (Giamaica)
en_KE;Englisch (Kenia);English (Kenya);Inglés (Kenia);anglais (Kenya);Inglese (Kenya)
en_KI;Englisch (Kiribati);English (Kiribati);Inglés (Kiribati);Anglais (Kiribati);Inglese (Kiribati)
en_KN;Englisch (St. Kitts und Nevis);English (St. Kitts and Nevis);Inglés (San Cristóbal y Nieves);Anglais (Saint-Kitts-et-Nevis);Inglese (Saint Kitts e Nevis)
en_KY;Englisch (Kaimaninseln);English (Cayman Islands);Inglés (Islas Caimán);Anglais (îles Cayman);Inglese (Isole Cayman)
en_LC;Englisch (St. Lucia);English (Saint Lucia);Inglés (Santa Lucía);Anglais (Sainte-Lucie);Inglese (Santa Lucia)
en_LR;Englisch (Liberia);English (Liberia);Inglés (Liberia);anglais (Liberia);Inglese (Liberia)
en_LS;Englisch (Lesotho);English (Lesotho);Inglés (Lesotho);anglais (Lesotho);Inglese (Lesotho)
en_MG;Englisch (Madagaskar);English (Madagascar);Inglés (Madagascar);Anglais (Madagascar);Inglese (Madagascar)
en_MH;Englisch (Marshallinseln);English (Marshall Islands);Inglés (Marshall Islands);Anglais (Îles Marshall);Inglese (Isole Marshall)
en_MO;Englisch (Sonderverwaltungsregion Macau);English (Macau Special Administrative Region);Inglés (Macau Special Administrative Region);Anglais (Région administrative spéciale de Macao);Inglese (Regione amministrativa speciale di Macao)
en_MP;Englisch (Nördliche Marianen);English (Northern Mariana Islands);Inglés (Islas Marianas del Norte);anglais (îles Mariannes du Nord);Inglese (Isole Marianne Settentrionali)
en_MS;Englisch (Montserrat);English (Montserrat);Inglés (Montserrat);Anglais (Montserrat);Inglese (Montserrat)
en_MT;Englisch (Malta);English (Malta);Inglés (Malta);anglais (Malte);Inglese (Malta)
en_MU;Englisch (Mauritius);English (Mauritius);Inglés (Mauricio);anglais (île Maurice);Inglese (Mauritius)
en_MW;Englisch (Malawi);English (Malawi);Inglés (Malawi);Anglais (Malawi);Inglese (Malawi)
en_MY;Englisch (Malaysia);English (Malaysia);Inglés (Malasia);anglais (Malaisie);Inglese (Malesia)
en_NA;Englisch (Namibia);English (Namibia);Inglés (Namibia);anglais (Namibie);Inglese (Namibia)
en_NF;Englisch (Norfolkinsel);English (Norfolk Island);Inglés (Isla Norfolk);Anglais (île de Norfolk);Inglese (Norfolk Island)
en_NG;Englisch (Nigeria);English (Nigeria);Inglés (Nigeria);anglais (Nigeria);Inglese (Nigeria)
en_NL;Englisch (Niederlande);English (Netherlands);Inglés (Países Bajos);anglais (Pays-Bas);Inglese (Paesi Bassi)
en_NR;Englisch (Nauru);English (Nauru);Inglés (Nauru);anglais (Nauru);Inglese (Nauru)
en_NU;Englisch (Niue);English (Niue);Inglés (Niue);anglais (Niue);Inglese (Niue)
en_NZ;Englisch (Neuseeland);English (New Zealand);Inglés (Nueva Zelanda);anglais (Nouvelle-Zélande);Inglese (Nuova Zelanda)
en_PG;Englisch (Papua-Neuguinea);English (Papua New Guinea);Inglés (Papúa Nueva Guinea);anglais (Papouasie-Nouvelle-Guinée);Inglese (Papua Nuova Guinea)
en_PH;Englisch (Philippinen);English (Philippines);Inglés (Filipinas);anglais (Philippines);Inglese (Filippine)
en_PK;Englisch (Pakistan);English (Pakistan);Inglés (Pakistán);anglais (Pakistan);Inglese (Pakistan)
en_PN;Englisch (Pitcairninseln);English (Pitcairn Islands);Inglés (Pitcairn Islands);anglais (îles Pitcairn);Inglese (Isole Pitcairn)
en_PR;Englisch (Puerto Rico);English (Puerto Rico);Inglés (Puerto Rico);anglais (Porto Rico);Inglese (Porto Rico)
en_PW;Englisch (Palau);English (Palau);Inglés (Palau);anglais (Palau);Inglese (Palau)
en_RW;Englisch (Ruanda);English (Rwanda);Inglés (Rwanda);anglais (Rwanda);Inglese (Ruanda)
en_SB;Englisch (Salomonen);English (Solomon Islands);Inglés (Solomon Islands);anglais (Îles Salomon);Inglese (Isole Salomone)
en_SC;Englisch (Seychellen);English (Seychelles);Inglés (Seychelles);anglais (Seychelles);Inglese (Seychelles)
en_SD;Englisch (Sudan);English (Sudan);Inglés (Sudán);anglais (Soudan);Inglese (Sudan)
en_SE;Englisch (Schweden);English (Sweden);Inglés (Suecia);Anglais (Suède);Inglese (Svezia)
en_SG;Englisch (Singapur);English (Singapore);Inglés (Singapur);Anglais (Singapour);Inglese (Singapore)
en_SH;Englisch (St. Helena);English (St Helena);Inglés (St Helena);Anglais (Sainte-Hélène);Inglese (Sant'Elena)
en_SI;Englisch (Slowenien);English (Slovenia);Inglés (Eslovenia);anglais (Slovénie);Inglese (Slovenia)
en_SL;Englisch (Sierra Leone);English (Sierra Leone);Inglés (Sierra Leona);anglais (Sierra Leone);Inglese (Sierra Leone)
en_SS;Englisch (Südsudan);English (South Sudan);Inglés (Sudán del Sur);Anglais (Soudan du Sud);Inglese (Sud Sudan)
en_SX;Englisch (Sint Maarten);English (Sint Maarten);Inglés (Sint Maarten);Anglais (Sint Maarten);Inglese (Sint Maarten)
en_SZ;Englisch (Swasiland);English (Swaziland);Inglés (Swazilandia);Anglais (Swaziland);Inglese (Swaziland)
en_TC;Englisch (Turks- und Caicosinseln);English (Turks and Caicos Islands);Inglés (Turks and Caicos Islands);Anglais (Îles Turks et Caïques);Inglese (Isole Turks e Caicos)
en_TK;Englisch (Tokelau);English (Tokelau);Inglés (Tokelau);anglais (Tokelau);Inglese (Tokelau)
en_TO;Englisch (Tonga);English (Tonga);Inglés (Tonga);anglais (Tonga);Inglese (Tonga)
en_TT;Englisch (Trinidad und Tobago);English (Trinidad and Tobago);Inglés (Trinidad y Tobago);Anglais (Trinidad et Tobago);Inglese (Trinidad e Tobago)
en_TV;Englisch (Tuvalu);English (Tuvalu);Inglés (Tuvalu);anglais (Tuvalu);Inglese (Tuvalu)
en_TZ;Englisch (Tansania);English (Tanzania);Inglés (Tanzania);anglais (Tanzanie);Inglese (Tanzania)
en_UG;Englisch (Uganda);English (Uganda);Inglés (Uganda);anglais (Ouganda);Inglese (Uganda)
en_UM;Englisch (Amerikanische Überseeinseln);English (American Overseas Islands);Inglés (Islas Americanas de Ultramar);anglais (îles américaines d'outre-mer);Inglese (Isole americane d'oltremare)
en_US;Englisch (Vereinigte Staaten);English (United States);Inglés (Estados Unidos);anglais (États-Unis);Inglese (Stati Uniti)
en_US_POSIX;Englisch (Vereinigte Staaten, Posix);English (United States, Posix);Inglés (Estados Unidos, Posix);anglais (États-Unis, Posix);Inglese (Stati Uniti, Posix)
en_VC;Englisch (St. Vincent und die Grenadinen);English (Saint Vincent and the Grenadines);Inglés (San Vicente y las Granadinas);Anglais (Saint-Vincent-et-les-Grenadines);Inglese (Saint Vincent e Grenadine)
en_VG;Englisch (Britische Jungferninseln);English (British Virgin Islands);Inglés (Islas Vírgenes Británicas);anglais (îles Vierges britanniques);Inglese (Isole Vergini Britanniche)
en_VI;Englisch (Amerikanische Jungferninseln);English (United States Virgin Islands);Inglés (Islas Vírgenes de los Estados Unidos);Anglais (Îles Vierges américaines);Inglese (Isole Vergini Americane)
en_VU;Englisch (Vanuatu);English (Vanuatu);Inglés (Vanuatu);anglais (Vanuatu);Inglese (Vanuatu)
en_WS;Englisch (Samoa);English (Samoa);Inglés (Samoa);Anglais (Samoa);Inglese (Samoa)
en_ZA;Englisch (Südafrika);English (South Africa);Inglés (Sudáfrica);Anglais (Afrique du Sud);Inglese (Sudafrica)
en_ZM;Englisch (Sambia);English (Zambia);Inglés (Zambia);Anglais (Zambie);Inglese (Zambia)
en_ZW;Englisch (Simbabwe);English (Zimbabwe);Inglés (Zimbabue);Anglais (Zimbabwe);Inglese (Zimbabwe)
eo;Esperanto;Esperanto;Esperanto;Espéranto;Esperanto
es;Spanisch;Spanish;Español;Espagnol;Spagnolo
es_419;Spanisch (Lateinamerika);Spanish (Latin America);Español (América Latina);Espagnol (Amérique latine);Spagnolo (America Latina)
es_AR;Spanisch (Argentinien);Spanish (Argentina);Español (Argentina);Espagnol (Argentine);Spagnolo (Argentina)
es_BO;Spanisch (Bolivien);Spanish (Bolivia);Español (Bolivia);Espagnol (Bolivie);Spagnolo (Bolivia)
es_BR;Spanisch (Brasilien);Spanish (Brazil);Español (Brasil);Espagnol (Brésil);Spagnolo (Brasile)
es_BZ;Spanisch (Belize);Spanish (Belize);Español (Belice);Espagnol (Belize);Spagnolo (Belize)
es_CL;Spanisch (Chile);Spanish (Chile);Español (Chile);Espagnol (Chili);Spagnolo (Cile)
es_CO;Spanisch (Kolumbien);Spanish (Colombia);Español (Colombia);Espagnol (Colombie);Spagnolo (Colombia)
es_CR;Spanisch (Costa Rica);Spanish (Costa Rica);Español (Costa Rica);Espagnol (Costa Rica);Spagnolo (Costa Rica)
es_CU;Spanisch (Kuba);Spanish (Cuba);Español (Cuba);Espagnol (Cuba);Spagnolo (Cuba)
es_DO;Spanisch (Dominikanische Republik);Spanish (Dominican Republic);Español (República Dominicana);Espagnol (République dominicaine);Spagnolo (Repubblica Dominicana)
es_EA;Spanisch (Ceuta und Melilla);Spanish (Ceuta and Melilla);Español (Ceuta y Melilla);Espagnol (Ceuta et Melilla);Spagnolo (Ceuta e Melilla)
es_EC;Spanisch (Ecuador);Spanish (Ecuador);Español (Ecuador);Espagnol (Équateur);Spagnolo (Ecuador)
es_ES;Spanisch (Spanien);Spanish (Spain);Español (España);Espagnol (Espagne);Spagnolo (Spagna)
es_GQ;Spanisch (Äquatorialguinea);Spanish (Equatorial Guinea);Español (Guinea Ecuatorial);Espagnol (Guinée équatoriale);Spagnolo (Guinea Equatoriale)
es_GT;Spanisch (Guatemala);Spanish (Guatemala);Español (Guatemala);Espagnol (Guatemala);Spagnolo (Guatemala)
es_HN;Spanisch (Honduras);Spanish (Honduras);Español (Honduras);Espagnol (Honduras);Spagnolo (Honduras)
es_IC;Spanisch (Kanarische Inseln);Spanish (Canary Islands);Español (Canarias);Espagnol (Canaries);Spagnolo (Isole Canarie)
es_MX;Spanisch (Mexiko);Spanish (Mexico);Español (México);Espagnol (Mexique);Spagnolo (Messico)
es_NI;Spanisch (Nicaragua);Spanish (Nicaragua);Español (Nicaragua);Espagnol (Nicaragua);Spagnolo (Nicaragua)
es_PA;Spanisch (Panama);Spanish (Panama);Español (Panamá);Espagnol (Panama);Spagnolo (Panama)
es_PE;Spanisch (Peru);Spanish (Peru);Español (Perú);Espagnol (Pérou);Spagnolo (Perù)
es_PH;Spanisch (Philippinen);Spanish (Philippines);Español (Filipinas);Espagnol (Philippines);Spagnolo (Filippine)
es_PR;Spanisch (Puerto Rico);Spanish (Puerto Rico);Español (Puerto Rico);Espagnol (Porto Rico);Spagnolo (Porto Rico)
es_PY;Spanisch (Paraguay);Spanish (Paraguay);Español (Paraguay);Espagnol (Paraguay);Spagnolo (Paraguay)
es_SV;Spanisch (El Salvador);Spanish (El Salvador);Español (El Salvador);Espagnol (El Salvador);Spagnolo (El Salvador)
es_US;Spanisch (Vereinigte Staaten);Spanish (United States);Español (Estados Unidos);Espagnol (États-Unis);Spagnolo (Stati Uniti)
es_UY;Spanisch (Uruguay);Spanish (Uruguay);Español (Uruguay);Espagnol (Uruguay);Spagnolo (Uruguay)
es_VE;Spanisch (Venezuela);Spanish (Venezuela);Español (Venezuela);Espagnol (Venezuela);Spagnolo (Venezuela)
et;Estnisch;Estonian;Estonio;Estonien;Estone
et_EE;Estnisch (Estland);Estonian (Estonia);Estonio (Estonia);Estonien (Estonie);Estone (Estonia)
eu;Baskisch;Basque;Vasco;Basque;Basco
eu_ES;Baskisch (Spanien);Basque (Spain);Vasco (España);Basque (Espagne);Basco (Spagna)
ewo;Ewondo;Ewondo;Ewondo;Ewondo;Ewondo
ewo_CM;Ewondo (Kamerun);Ewondo (Cameroon);Ewondo (Camerún);Ewondo (Cameroun);Ewondo (Camerun)
fa;Persisch;Persian;Persa;Persan;Persiano
fa_AF;Persisch (Afghanistan);Persian (Afghanistan);Persa (Afganistán);Persan (Afghanistan);Persiano (Afghanistan)
fa_IR;Persisch (Iran);Persian (Iran);Persa (Irán);Persan (Iran);Persiano (Iran)
ff;Ful;Ful;Ful;Ful;Ful
ff_CM;Ful (Kamerun);Ful (Cameroon);Ful (Camerún);Ful (Cameroun);Ful (Camerun)
ff_GN;Ful (Guinea);Ful (Guinea);Ful (Guinea);Ful (Guinée);Ful (Guinea)
ff_MR;Ful (Mauretanien);Ful (Mauritania);Ful (Mauritania);Ful (Mauritanie);Ful (Mauritania)
ff_SN;Ful (Senegal);Ful (Senegal);Ful (Senegal);Ful (Sénégal);Ful (Senegal)
fi;Finnisch;Finnish;Finlandés;Finlandais;Finlandese
fi_FI;Finnisch (Finnland);Finnish (Finland);Finlandés (Finlandia);Finnois (Finlande);Finlandese (Finlandia)
fil;Filipino;Filipino;Filipino;Philippin;Filippino
fil_PH;Filipino (Philippinen);Filipino (Philippines);Filipino (Filipinas);Philippin (Philippines);Filippino (Filippine)
fo;Färöisch;Faroese;Feroés;Féroé;Faroese
fo_DK;Färöisch (Dänemark);Faroese (Denmark);Feroés (Dinamarca);Féroïen (Danemark);Faroese (Danimarca)
fo_FO;Färöisch (Färöer);Faroese (Faroe Islands);Feroés (Islas Feroe);Féroïen (Îles Féroé);Faroese (Isole Faroe)
fr;Französisch;French;Francés;Français;Francese
fr_BE;Französisch (Belgien);French (Belgium);Francés (Bélgica);Français (Belgique);Francese (Belgio)
fr_BF;Französisch (Burkina Faso);French (Burkina Faso);Francés (Burkina Faso);Français (Burkina Faso);Francese (Burkina Faso)
fr_BI;Französisch (Burundi);French (Burundi);Francés (Burundi);Français (Burundi);Francese (Burundi)
fr_BJ;Französisch (Benin);French (Benin);Francés (Benín);Français (Bénin);Francese (Benin)
fr_BL;Französisch (St. Barthélemy);French (St. Barthélemy);Francés (San Bartolomé);Français (St. Barthélemy);Francese (St. Barthélemy)
fr_CA;Französisch (Kanada);French (Canada);Francés (Canadá);Français (Canada);Francese (Canada)
fr_CD;Französisch (Kongo-Kinshasa);French (Congo-Kinshasa);Francés (Congo-Kinshasa);Français (Congo-Kinshasa);Francese (Congo-Kinshasa)
fr_CF;Französisch (Zentralafrikanische Republik);French (Central African Republic);Francés (República Centroafricana);Français (République centrafricaine);Francese (Repubblica Centrafricana)
fr_CG;Französisch (Kongo-Brazzaville);French (Congo-Brazzaville);Francés (Congo-Brazzaville);Français (Congo-Brazzaville);Francese (Congo-Brazzaville)
fr_CH;Französisch (Schweiz);French (Switzerland);Francés (Suiza);Français (Suisse);Francese (Svizzera)
fr_CI;Französisch (Côte d’Ivoire);French (Côte d'Ivoire);Francés (Costa de Marfil);Français (Côte d'Ivoire);Francese (Costa d'Avorio)
fr_CM;Französisch (Kamerun);French (Cameroon);Francés (Camerún);Français (Cameroun);Francese (Camerun)
fr_DJ;Französisch (Dschibuti);French (Djibouti);Francés (Yibuti);Français (Djibouti);Francese (Gibuti)
fr_DZ;Französisch (Algerien);French (Algeria);Francés (Argelia);Français (Algérie);Francese (Algeria)
fr_FR;Französisch (Frankreich);French (France);Francés (Francia);Français (France);Francese (Francia)
fr_GA;Französisch (Gabun);French (Gabon);Francés (Gabón);Français (Gabon);Francese (Gabon)
fr_GF;Französisch (Französisch-Guayana);French (French Guiana);Francés (Guayana Francesa);Français (Guyane française);Francese (Guiana)
fr_GN;Französisch (Guinea);French (Guinea);Francés (Guinea);Français (Guinée);Francese (Guinea)
fr_GP;Französisch (Guadeloupe);French (Guadeloupe);Francés (Guadalupe);Français (Guadeloupe);Francese (Guadalupa)
fr_GQ;Französisch (Äquatorialguinea);French (Equatorial Guinea);Francés (Guinea Ecuatorial);Français (Guinée équatoriale);Francese (Guinea Equatoriale)
fr_HT;Französisch (Haiti);French (Haiti);Francés (Haití);Français (Haïti);Francese (Haiti)
fr_KM;Französisch (Komoren);French (Comoros);Francés (Comoras);Français (Comores);Francese (Comore)
fr_LU;Französisch (Luxemburg);French (Luxembourg);Francés (Luxemburgo);Français (Luxembourg);Francese (Lussemburgo)
fr_MA;Französisch (Marokko);French (Morocco);Francés (Marruecos);Français (Maroc);Francese (Marocco)
fr_MC;Französisch (Monaco);French (Monaco);Francés (Mónaco);Français (Monaco);Francese (Monaco)
fr_MF;Französisch (St. Martin);French (Saint Martin);Francés (San Martín);Français (Saint-Martin);Francese (Saint Martin)
fr_MG;Französisch (Madagaskar);French (Madagascar);Francés (Madagascar);Français (Madagascar);Francese (Madagascar)
fr_ML;Französisch (Mali);French (Mali);Francés (Mali);Français (Mali);Francese (Mali)
fr_MQ;Französisch (Martinique);French (Martinique);Francés (Martinica);Français (Martinique);Francese (Martinica)
fr_MR;Französisch (Mauretanien);French (Mauritania);Francés (Mauritania);Français (Mauritanie);Francese (Mauritania)
fr_MU;Französisch (Mauritius);French (Mauritius);Francés (Mauricio);Français (Maurice);Francese (Mauritius)
fr_NC;Französisch (Neukaledonien);French (New Caledonia);Francés (Nueva Caledonia);Français (Nouvelle-Calédonie);Francese (Nuova Caledonia)
fr_NE;Französisch (Niger);French (Niger);Francés (Níger);Français (Niger);Francese (Niger)
fr_PF;Französisch (Französisch-Polynesien);French (French Polynesia);Francés (Polinesia Francesa);Français (Polynésie française);Francese (Polinesia Francese)
fr_PM;Französisch (St. Pierre und Miquelon);French (St. Pierre and Miquelon);Francés (San Pedro y Miquelón);Français (Saint-Pierre-et-Miquelon);Francese (Saint-Pierre e Miquelon)
fr_RE;Französisch (Réunion);French (Réunion);Francés (Reunión);Français (Réunion);Francese (Riunione)
fr_RW;Französisch (Ruanda);French (Rwanda);Francés (Ruanda);Français (Rwanda);Francese (Ruanda)
fr_SC;Französisch (Seychellen);French (Seychelles);Francés (Seychelles);Français (Seychelles);Francese (Seychelles)
fr_SN;Französisch (Senegal);French (Senegal);Francés (Senegal);Français (Sénégal);Francese (Senegal)
fr_SY;Französisch (Syrien);French (Syria);Francés (Siria);Français (Syrie);Francese (Siria)
fr_TD;Französisch (Tschad);French (Chad);Francés (Chad);Français (Tchad);Francese (Ciad)
fr_TG;Französisch (Togo);French (Togo);Francés (Togo);Français (Togo);Francese (Togo)
fr_TN;Französisch (Tunesien);French (Tunisia);Francés (Túnez);Français (Tunisie);Francese (Tunisia)
fr_VU;Französisch (Vanuatu);French (Vanuatu);Francés (Vanuatu);Français (Vanuatu);Francese (Vanuatu)
fr_WF;Französisch (Wallis und Futuna);French (Wallis and Futuna);Francés (Wallis y Futuna);Français (Wallis et Futuna);Francese (Wallis e Futuna)
fr_YT;Französisch (Mayotte);French (Mayotte);Francés (Mayotte);Français (Mayotte);Francese (Mayotte)
fur;Friaulisch;Friulian;Friulano;Frioulien;Friulano
fur_IT;Friaulisch (Italien);Friulian (Italy);Friulano (Italia);Frioulien (Italie);Friulano (Italia)
fy;Westfriesisch;West Frisian;Frisón occidental;Frison occidental;Frisone occidentale
fy_NL;Westfriesisch (Niederlande);West Frisian (Netherlands);Frisón occidental (Países Bajos);Frison occidental (Pays-Bas);Frisone occidentale (Paesi Bassi)
ga;Irisch;Irish;Irlandés;Irlandais;irlandese
ga_IE;Irisch (Irland);Irish (Ireland);Irlandés (Irlanda);Irlandais (Irlande);Irlandese (Irlanda)
gd;Schottisches Gälisch;Scottish Gaelic;Gaélico escocés;Gaélique écossais;Gaelico scozzese
gd_GB;Schottisches Gälisch (Vereinigtes Königreich);Scottish Gaelic (United Kingdom);Gaélico escocés (Reino Unido);Gaélique écossais (Royaume-Uni);Gaelico scozzese (Regno Unito)
gl;Galicisch;Galician;Gallego;Galicien;Galiziano
gl_ES;Galicisch (Spanien);Galician (Spain);Gallego (España);Galicien (Espagne);Galiziano (Spagna)
gsw;Schweizerdeutsch;Swiss German;Suizo alemán;Suisse allemand;Svizzero tedesco
gsw_CH;Schweizerdeutsch (Schweiz);Swiss German (Switzerland);Suizo alemán (Suiza);Suisse allemand (Suisse);Svizzero tedesco (Svizzera)
gsw_FR;Schweizerdeutsch (Frankreich);Swiss German (France);Suizo alemán (Francia);Suisse allemand (France);Svizzero tedesco (Francia)
gsw_LI;Schweizerdeutsch (Liechtenstein);Swiss German (Liechtenstein);Suizo alemán (Liechtenstein);Suisse allemand (Liechtenstein);Svizzero tedesco (Liechtenstein)
gu;Gujarati;Gujarati;Gujarati;Gujarati;Gujarati
gu_IN;Gujarati (Indien);Gujarati (India);Gujarati (India);Gujarati (Inde);Gujarati (India)
guz;Gusii;Gusii;Gusii;Gusii;Gusii
guz_KE;Gusii (Kenia);Gusii (Kenya);Gusii (Kenia);Gusii (Kenya);Gusii (Kenya)
gv;Manx;Manx;Manx;Manx;Manx
gv_IM;Manx (Isle of Man);Manx (Isle of Man);Manx (Isla de Man);Manx (Île de Man);Manx (Isola di Man)
ha;Haussa;Haussa;Haussa;Haussa;Haussa
ha_GH;Haussa (Ghana);Haussa (Ghana);Haussa (Ghana);Haussa (Ghana);Haussa (Ghana)
ha_NE;Haussa (Niger);Haussa (Niger);Haussa (Níger);Haussa (Niger);Haussa (Niger)
ha_NG;Haussa (Nigeria);Haussa (Nigeria);Haussa (Nigeria);Haussa (Nigeria);Haussa (Nigeria)
haw;Hawaiisch;Hawaiian;Hawaiano;Hawaiien;Hawaiano
haw_US;Hawaiisch (Vereinigte Staaten);Hawaiian (United States);Hawaiano (Estados Unidos);Hawaiien (États-Unis);Hawaiano (Stati Uniti)
he;Hebräisch;Hebrew;Hebreo;Hébreu;Ebraico
he_IL;Hebräisch (Israel);Hebrew (Israel);Hebreo (Israel);Hébreu (Israël);Ebraico (Israele)
hi;Hindi;Hindi;Hindi;Hindi;Hindi
hi_IN;Hindi (Indien);Hindi (India);Hindi (India);Hindi (Inde);Hindi (India)
hr;Kroatisch;Croatian;Croata;Croate;Croato
hr_BA;Kroatisch (Bosnien und Herzegowina);Croatian (Bosnia and Herzegovina);Croata (Bosnia y Herzegovina);Croate (Bosnie-Herzégovine);Croato (Bosnia-Erzegovina)
hr_HR;Kroatisch (Kroatien);Croatian (Croatia);Croata (Croacia);Croate (Croatie);Croato (Croazia)
hsb;Obersorbisch;Upper Sorbian;Alto sorabo;Haut-sorabe;Sorabo superiore
hsb_DE;Obersorbisch (Deutschland);Upper Sorbian (Germany);Alto sorabo (Alemania);Haut-sorabe (Allemagne);Sorabo superiore (Germania)
hu;Ungarisch;Hungarian;Húngaro;Hongrois;Ungherese
hu_HU;Ungarisch (Ungarn);Hungarian (Hungary);Húngaro (Hungría);Hongrois (Hongrie);Ungherese (Ungheria)
hy;Armenisch;Armenian;Armenio;Arménien;Armeno
hy_AM;Armenisch (Armenien);Armenian (Armenia);Armenio (Armenia);Arménien (Arménie);Armeno (Armenia)
id;Indonesisch;Indonesian;Indonesio;Indonésien;Indonesiano
id_ID;Indonesisch (Indonesien);Indonesian (Indonesia);Indonesio (Indonesia);Indonésien (Indonésie);Indonesiano (Indonesia)
ig;Igbo;Igbo;Igbo;Igbo;Igbo
ig_NG;Igbo (Nigeria);Igbo (Nigeria);Igbo (Nigeria);Igbo (Nigeria);Igbo (Nigeria)
ii;Yi;Yi;Yi;Yi;Yi
ii_CN;Yi (China);Yi (China);Yi (China);Yi (Chine);Yi (Cina)
is;Isländisch;Icelandic;Islandés;Islandais;Islandese
is_IS;Isländisch (Island);Icelandic (Iceland);Islandés (Islandia);Islandais (Islande);Islandese (Islanda)
it;Italienisch;Italian;Italiano;Italien;Italiano
it_CH;Italienisch (Schweiz);Italian (Switzerland);Italiano (Suiza);Italien (Suisse);Italiano (Svizzera)
it_IT;Italienisch (Italien);Italian (Italy);Italiano (Italia);Italien (Italie);Italiano (Italia)
it_SM;Italienisch (San Marino);Italian (San Marino);Italiano (San Marino);Italien (Saint-Marin);Italiano (San Marino)
it_VA;Italienisch (Vatikanstadt);Italian (Vatican City);Italiano (Ciudad del Vaticano);Italien (Cité du Vatican);Italiano (Città del Vaticano)
ja;Japanisch;Japanese;Japonés;Japonais;Giapponese
ja_JP;Japanisch (Japan);Japanese (Japan);Japonés (Japón);Japonais (Japon);Giapponese (Giappone)
jgo;Ngomba;Ngomba;Ngomba;Ngomba;Ngomba
jgo_CM;Ngomba (Kamerun);Ngomba (Cameroon);Ngomba (Camerún);Ngomba (Cameroun);Ngomba (Camerun)
jmc;Machame;Machame;Machame;Machame;Machame
jmc_TZ;Machame (Tansania);Machame (Tanzania);Machame (Tanzania);Machame (Tanzanie);Machame (Tanzania)
ka;Georgisch;Georgian;Georgiano;Géorgien;Georgiano
ka_GE;Georgisch (Georgien);Georgian (Georgia);Georgiano (Georgia);Géorgien (Géorgie);Georgiano (Georgia)
kab;Kabylisch;Kabyle;Cabileño;Kabyle;Cabilo
kab_DZ;Kabylisch (Algerien);Kabyle (Algeria);Cabileño (Argelia);Kabyle (Algérie);Cabilo (Algeria)
kam;Kamba;Kamba;Kamba;Kamba;Kamba
kam_KE;Kamba (Kenia);Kamba (Kenya);Kamba (Kenia);Kamba (Kenya);Kamba (Kenya)
kde;Makonde;Makonde;Makonde;Makonde;Makonde
kde_TZ;Makonde (Tansania);Makonde (Tanzania);Makonde (Tanzania);Makonde (Tanzanie);Makonde (Tanzania)
kea;Kabuverdianu;Kabuverdianu;Kabuverdianu;Kabuverdianu;Kabuverdianu
kea_CV;Kabuverdianu (Cabo Verde);Kabuverdianu (Cabo Verde);Kabuverdianu (Cabo Verde);Kabuverdianu (Cabo Verde);Kabuverdianu (Cabo Verde)
khq;Koyra Chiini;Koyra Chiini;Koyra Chiini;Koyra Chiini;Koyra Chiini
khq_ML;Koyra Chiini (Mali);Koyra Chiini (Mali);Koyra Chiini (Malí);Koyra Chiini (Mali);Koyra Chiini (Mali)
ki;Kikuyu;Kikuyu;Kikuyu;Kikuyu;Kikuyu
ki_KE;Kikuyu (Kenia);Kikuyu (Kenya);Kikuyu (Kenia);Kikuyu (Kenya);Kikuyu (Kenya)
kk;Kasachisch;Kazakh;Kazajo;Kazakh;Kazako
kk_KZ;Kasachisch (Kasachstan);Kazakh (Kazakhstan);Kazajo (Kazajstán);Kazakh (Kazakhstan);Kazako (Kazakistan)
kkj;Kako;Kako;Kako;Kako;Kako
kkj_CM;Kako (Kamerun);Kako (Cameroon);Kako (Camerún);Kako (Cameroun);Kako (Camerun)
kl;Grönländisch;Greenlandic;Groenlandés;Groenlandais;Groenlandese
kl_GL;Grönländisch (Grönland);Greenlandic (Greenland);Groenlandés (Groenlandia);Groenlandais (Groenland);Groenlandese (Groenlandia)
kln;Kalenjin;Kalenjin;Kalenjin;Kalenjin;Kalenjin
kln_KE;Kalenjin (Kenia);Kalenjin (Kenya);Kalenjin (Kenia);Kalenjin (Kenya);Kalenjin (Kenya)
km;Khmer;Khmer;Jemer;Khmer;Khmer
km_KH;Khmer (Kambodscha);Khmer (Cambodia);Jemer (Camboya);Khmer (Cambodge);Khmer (Cambogia)
kn;Kannada;Kannada;Canarés;Kannada;Kannada
kn_IN;Kannada (Indien);Kannada (India);Canarés (India);Kannada (Inde);Kannada (India)
ko;Koreanisch;Korean;Coreano;Coréen;Coreano
ko_KP;Koreanisch (Nordkorea);Korean (North Korea);Coreano (Corea del Norte);Coréen (Corée du Nord);Coreano (Corea del Nord)
ko_KR;Koreanisch (Südkorea);Korean (South Korea);Coreano (Corea del Sur);Coréen (Corée du Sud);Coreano (Corea del Sud)
kok;Konkani;Konkani;Konkani;Konkani;Konkani
kok_IN;Konkani (Indien);Konkani (India);Konkani (India);Konkani (Inde);Konkani (India)
ks;Kaschmiri;Kashmiri;Cachemir;Cachemiri;Kashmiri
ks_IN;Kaschmiri (Indien);Kashmiri (India);Cachemir (India);Cachemiri (Inde);Kashmiri (India)
ksb;Shambala;Shambala;Shambala;Shambala;Shambala
ksb_TZ;Shambala (Tansania);Shambala (Tanzania);Shambala (Tanzania);Shambala (Tanzanie);Shambala (Tanzania)
ksf;Bafia;Bafia;Bafia;Bafia;Bafia
ksf_CM;Bafia (Kamerun);Bafia (Cameroon);Bafia (Camerún);Bafia (Cameroun);Bafia (Camerun)
ksh;Kölsch;Kölsch;Kölsch;Kölsch;Kölsch
ksh_DE;Kölsch (Deutschland);Kölsch (Germany);Kölsch (Alemania);Kölsch (Allemagne);Kölsch (Germania)
kw;Kornisch;Cornish;Cornish;Cornique;Cornish
kw_GB;Kornisch (Vereinigtes Königreich);Cornish (United Kingdom);Cornish (Reino Unido);Kornisch (Royaume-Uni);Cornish (Regno Unito)
ky;Kirgisisch;Kyrgyz;Kyrgyz;Kirghiz;Kirghizistan
ky_KG;Kirgisisch (Kirgisistan);Kyrgyz (Kyrgyzstan);Kyrgyz (Kirguistán);Kirghiz (Kirghizistan);Kirghizistan (Kirghizistan)
lag;Langi;Langi;Langi;Langi;Langi
lag_TZ;Langi (Tansania);Langi (Tanzania);Langi (Tanzania);Langi (Tanzanie);Langi (Tanzania)
lb;Luxemburgisch;Luxembourgish;Luxemburgués;Luxembourgeois;Lussemburghese
lb_LU;Luxemburgisch (Luxemburg);Luxembourgish (Luxembourg);Luxemburgués (Luxemburgo);Luxembourgeois (Luxembourg);Lussemburghese (Lussemburgo)
lg;Ganda;Ganda;Ganda;Ganda;Ganda
lg_UG;Ganda (Uganda);Ganda (Uganda);Ganda (Uganda);Ganda (Ouganda);Ganda (Uganda)
lkt;Lakota;Lakota;Lakota;Lakota;Lakota
lkt_US;Lakota (Vereinigte Staaten);Lakota (United States);Lakota (Estados Unidos);Lakota (États-Unis);Lakota (Stati Uniti)
ln;Lingala;Lingala;Lingala;Lingala;Lingala
ln_AO;Lingala (Angola);Lingala (Angola);Lingala (Angola);Lingala (Angola);Lingala (Angola)
ln_CD;Lingala (Kongo-Kinshasa);Lingala (Congo-Kinshasa);Lingala (Congo-Kinshasa);Lingala (Congo-Kinshasa);Lingala (Congo-Kinshasa)
ln_CF;Lingala (Zentralafrikanische Republik);Lingala (Central African Republic);Lingala (República Centroafricana);Lingala (République centrafricaine);Lingala (Repubblica Centrafricana)
ln_CG;Lingala (Kongo-Brazzaville);Lingala (Congo-Brazzaville);Lingala (Congo-Brazzaville);Lingala (Congo-Brazzaville);Lingala (Congo-Brazzaville)
lo;Laotisch;Lao;Lao;Laotien;Lao
lo_LA;Laotisch (Laos);Lao (Laos);Lao (Laos);Laotien (Laos);Lao (Laos)
lrc;Nördliches Luri;Northern Luri;Luri septentrional;Luri du Nord;Luri settentrionale
lrc_IQ;Nördliches Luri (Irak);Northern Luri (Iraq);Luri septentrional (Irak);Luri du Nord (Irak);Luri settentrionale (Iraq)
lrc_IR;Nördliches Luri (Iran);Northern Luri (Iran);Luri septentrional (Irán);Luri du Nord (Iran);Luri settentrionale (Iran)
lt;Litauisch;Lithuanian;Lituano;Lituanien;Lituano
lt_LT;Litauisch (Litauen);Lithuanian (Lithuania);Lituano (Lituania);Lituanien (Lituanie);Lituano (Lituania)
lu;Luba-Katanga;Luba-Katanga;Luba-Katanga;Luba-Katanga;Luba-Katanga
lu_CD;Luba-Katanga (Kongo-Kinshasa);Luba-Katanga (Congo-Kinshasa);Luba-Katanga (Congo-Kinshasa);Luba-Katanga (Congo-Kinshasa);Luba-Katanga (Congo-Kinshasa)
luo;Luo;Luo;Luo;Luo;Luo
luo_KE;Luo (Kenia);Luo (Kenya);Luo (Kenia);Luo (Kenya);Luo (Kenya)
luy;Luhya;Luhya;Luhya;Luhya;Luhya
luy_KE;Luhya (Kenia);Luhya (Kenya);Luhya (Kenia);Luhya (Kenya);Luhya (Kenya)
lv;Lettisch;Latvian;Letón;Letton;Lettone
lv_LV;Lettisch (Lettland);Latvian (Latvia);Letón (Letonia);Letton (Lettonie);Lettone (Lettonia)
mas;Massai;Maasai;Maasai;Massaï;Maasai
mas_KE;Massai (Kenia);Maasai (Kenya);Maasai (Kenia);Massaï (Kenya);Maasai (Kenya)
mas_TZ;Massai (Tansania);Maasai (Tanzania);Maasai (Tanzania);Massaï (Tanzanie);Maasai (Tanzania)
mer;Meru;Meru;Meru;Meru;Meru
mer_KE;Meru (Kenia);Meru (Kenya);Meru (Kenia);Meru (Kenya);Meru (Kenya)
mfe;Morisyen;Morisyen;Morisyen;Morisyen;Morisyen
mfe_MU;Morisyen (Mauritius);Morisyen (Mauritius);Morisyen (Mauricio);Morisyen (Île Maurice);Morisyen (Mauritius)
mg;Madagassisch;Malagasy;Malgache;Malgache;Malgascio
mg_MG;Madagassisch (Madagaskar);Malagasy (Madagascar);Malgache (Madagascar);Malgache (Madagascar);Malgascio (Madagascar)
mgh;Makhuwa-Meetto;Makhuwa-Meetto;Makhuwa-Meetto;Makhuwa-Meetto;Makhuwa-Meetto
mgh_MZ;Makhuwa-Meetto (Mosambik);Makhuwa-Meetto (Mozambique);Makhuwa-Meetto (Mozambique);Makhuwa-Meetto (Mozambique);Makhuwa-Meetto (Mozambico)
mgo;Meta’;Meta';Meta;Métèque;Meta'
mgo_CM;Meta’ (Kamerun);Meta' (Cameroon);Meta' (Camerún);Meta' (Cameroun);Meta' (Camerun)
mk;Mazedonisch;Macedonian;Macedonio;Macédonien;Macedone
mk_MK;Mazedonisch (Mazedonien);Macedonian (Macedonia);Macedonio (Macedonia);Macédonien (Macédoine);Macedone (Macedonia)
ml;Malayalam;Malayalam;Malayalam;Malayalam;Malayalam
ml_IN;Malayalam (Indien);Malayalam (India);Malayalam (India);Malayalam (Inde);Malayalam (India)
mn;Mongolisch;Mongolian;Mongol;Mongol;Mongolo
mn_MN;Mongolisch (Mongolei);Mongolian (Mongolia);Mongol (Mongolia);Mongol (Mongolie);Mongolo (Mongolia)
mr;Marathi;Marathi;Marathi;Marathi;Marathi
mr_IN;Marathi (Indien);Marathi (India);Marathi (India);Marathi (Inde);Marathi (India)
ms;Malaiisch;Malay;Malayo;Malais;Malese
ms_BN;Malaiisch (Brunei Darussalam);Malay (Brunei Darussalam);Malayo (Brunei Darussalam);Malais (Brunei Darussalam);Malese (Brunei Darussalam)
ms_MY;Malaiisch (Malaysia);Malay (Malaysia);Malayo (Malasia);Malais (Malaisie);Malese (Malesia)
ms_SG;Malaiisch (Singapur);Malay (Singapore);Malayo (Singapur);Malais (Singapour);Malese (Singapore)
mt;Maltesisch;Maltese;Maltés;Maltais;Maltese
mt_MT;Maltesisch (Malta);Maltese (Malta);Maltés (Malta);Maltais (Malte);Maltese (Malta)
mua;Mundang;Mundang;Mundang;Mundang;Mundang
mua_CM;Mundang (Kamerun);Mundang (Cameroon);Mundang (Camerún);Mundang (Cameroun);Mundang (Camerun)
my;Birmanisch;Burmese;Birmano;Birman;Birmano
my_MM;Birmanisch (Myanmar);Burmese (Myanmar);Birmano (Myanmar);Birman (Myanmar);Birmano (Myanmar)
mzn;Masanderanisch;Masanderan;Masanderano;Masandréen;Masanderan
mzn_IR;Masanderanisch (Iran);Masanderan (Iran);Masanderano (Irán);Masandérien (Iran);Masanderan (Iran)
naq;Nama;Nama;Nama;Nama;Nama
naq_NA;Nama (Namibia);Nama (Namibia);Nama (Namibia);Nama (Namibie);Nama (Namibia)
nb;Norwegisch Bokmål;Norwegian Bokmål;Bokmål noruego;Norvégien Bokmål;Norvegese Bokmål
nb_NO;Norwegisch Bokmål (Norwegen);Norwegian Bokmål (Norway);Bokmål noruego (Noruega);Norvégien Bokmål (Norvège);Norvegese Bokmål (Norvegia)
nb_SJ;Norwegisch Bokmål (Spitzbergen und Jan Mayen);Norwegian Bokmål (Spitsbergen and Jan Mayen);Bokmål noruego (Spitsbergen y Jan Mayen);Norvégien Bokmål (Svalbard et Jan Mayen);Bokmål norvegese (Spitsbergen e Jan Mayen)
nd;Nord-Ndebele;Northern Ndebele;Ndebele septentrional;Ndébélé du Nord;Ndebele settentrionale
nd_ZW;Nord-Ndebele (Simbabwe);Northern Ndebele (Zimbabwe);Ndebele septentrional (Zimbabue);Nord-Ndebele (Zimbabwe);Ndebele settentrionale (Zimbabwe)
nds;Niederdeutsch;Low German;Bajo alemán;Bas allemand;Basso tedesco
nds_DE;Niederdeutsch (Deutschland);Low German (Germany);Bajo alemán (Alemania);Niederdeutsch (Allemagne);Basso tedesco (Germania)
nds_NL;Niederdeutsch (Niederlande);Low German (Netherlands);Bajo alemán (Países Bajos);Bas-allemand (Pays-Bas);Basso tedesco (Paesi Bassi)
ne;Nepalesisch;Nepalese;Nepalés;Népalais;Nepalese
ne_IN;Nepalesisch (Indien);Nepalese (India);Nepalí (India);Népalais (Inde);Nepalese (India)
ne_NP;Nepalesisch (Nepal);Nepalese (Nepal);Nepalí (Nepal);Népalais (Népal);Nepalese (Nepal)
nl;Niederländisch;Dutch;Neerlandés;Néerlandais;Olandese
nl_AW;Niederländisch (Aruba);Dutch (Aruba);Neerlandés (Aruba);Néerlandais (Aruba);Olandese (Aruba)
nl_BE;Niederländisch (Belgien);Dutch (Belgium);Neerlandés (Bélgica);Néerlandais (Belgique);Olandese (Belgio)
nl_BQ;Niederländisch (Bonaire, Sint Eustatius und Saba);Dutch (Bonaire, Sint Eustatius and Saba);Neerlandés (Bonaire, San Eustaquio y Saba);Néerlandais (Bonaire, Saint-Eustache et Saba);Olandese (Bonaire, Sint Eustatius e Saba)
nl_CW;Niederländisch (Curaçao);Dutch (Curaçao);Neerlandés (Curaçao);Néerlandais (Curaçao);Olandese (Curaçao)
nl_NL;Niederländisch (Niederlande);Dutch (Netherlands);Neerlandés (Países Bajos);Néerlandais (Pays-Bas);Olandese (Paesi Bassi)
nl_SR;Niederländisch (Suriname);Dutch (Suriname);Neerlandés (Surinam);Néerlandais (Suriname);Olandese (Suriname)
nl_SX;Niederländisch (Sint Maarten);Dutch (Sint Maarten);Neerlandés (San Martín);Néerlandais (Sint Maarten);Olandese (Sint Maarten)
nmg;Kwasio;Kwasio;Kwasio;Kwasio;Kwasio
nmg_CM;Kwasio (Kamerun);Kwasio (Cameroon);Kwasio (Camerún);Kwasio (Cameroun);Kwasio (Camerun)
nn;Norwegisch Nynorsk;Norwegian Nynorsk;Nynorsk noruego;Norvégien Nynorsk;Norvegese nynorsk
nn_NO;Norwegisch Nynorsk (Norwegen);Norwegian Nynorsk (Norway);Nynorsk noruego (Noruega);Norvégien Nynorsk (Norvège);Norvegese nynorsk (Norvegia)
nnh;Ngiemboon;Ngiemboon;Ngiemboon;Ngiemboon;Ngiemboon
nnh_CM;Ngiemboon (Kamerun);Ngiemboon (Cameroon);Ngiemboon (Camerún);Ngiemboon (Cameroun);Ngiemboon (Camerun)
nus;Nuer;Nuer;Nuer;Nuer;Nuer
nus_SS;Nuer (Südsudan);Nuer (South Sudan);Nuer (Sudán del Sur);Nuer (Soudan du Sud);Nuer (Sud Sudan)
nyn;Nyankole;Nyankole;Nyankole;Nyankole;Nyankole
nyn_UG;Nyankole (Uganda);Nyankole (Uganda);Nyankole (Uganda);Nyankole (Ouganda);Nyankole (Uganda)
om;Oromo;Oromo;Oromo;Oromo;Oromo
om_ET;Oromo (Äthiopien);Oromo (Ethiopia);Oromo (Etiopía);Oromo (Éthiopie);Oromo (Etiopia)
om_KE;Oromo (Kenia);Oromo (Kenya);Oromo (Kenia);Oromo (Kenya);Oromo (Kenya)
or;Oriya;Oriya;Oriya;Oriya;Oriya
or_IN;Oriya (Indien);Oriya (India);Oriya (India);Oriya (Inde);Oriya (India)
os;Ossetisch;Ossetian;Osetia;Ossète;Osseto
os_GE;Ossetisch (Georgien);Ossetian (Georgia);Osetio (Georgia);Ossète (Géorgie);Osseto (Georgia)
os_RU;Ossetisch (Russland);Ossetian (Russia);Osetio (Rusia);Ossète (Russie);Osseto (Russia)
pa;Punjabi;Punjabi;Punjabí;Punjabi (arabe);Punjabi
pa_Arab;Punjabi (Arabisch);Punjabi (Arabic);Punjabí (árabe);Punjabi (arabe);Punjabi (arabo)
pa_Arab_PK;Punjabi (Arabisch, Pakistan);Punjabi (Arabic, Pakistan);Panyabí (árabe, Pakistán);Punjabi (arabe, Pakistan);Punjabi (arabo, Pakistan)
pa_Guru;Punjabi (Gurmukhi);Punjabi (Gurmukhi);Punjabí (gurmukhi);Punjabi (Gurmukhi);Punjabi (Gurmukhi)
pa_Guru_IN;Punjabi (Gurmukhi, Indien);Punjabi (Gurmukhi, India);Punjabí (gurmukhi, India);Punjabi (gurmukhi, Inde);Punjabi (Gurmukhi, India)
pl;Polnisch;Polish;Polaco;Polonais;Polacco
pl_PL;Polnisch (Polen);Polish (Poland);Polaco (Polonia);Polonais (Pologne);Polacco (Polonia)
ps;Paschtu;Pashto;Pastún;Pashto;Pashto
ps_AF;Paschtu (Afghanistan);Pashto (Afghanistan);Pastún (Afganistán);Pashto (Afghanistan);Pashto (Afghanistan)
pt;Portugiesisch;Portuguese;Portugués;Portugais;Portoghese
pt_AO;Portugiesisch (Angola);Portuguese (Angola);Portugués (Angola);Portugais (Angola);Portoghese (Angola)
pt_BR;Portugiesisch (Brasilien);Portuguese (Brazil);Portugués (Brasil);Portugais (Brésil);Portoghese (Brasile)
pt_CH;Portugiesisch (Schweiz);Portuguese (Switzerland);Portugués (Suiza);Portugais (Suisse);Portoghese (Svizzera)
pt_CV;Portugiesisch (Cabo Verde);Portuguese (Cabo Verde);Portugués (Cabo Verde);Portugais (Cabo Verde);Portoghese (Cabo Verde)
pt_GQ;Portugiesisch (Äquatorialguinea);Portuguese (Equatorial Guinea);Portugués (Guinea Ecuatorial);Portugais (Guinée équatoriale);Portoghese (Guinea Equatoriale)
pt_GW;Portugiesisch (Guinea-Bissau);Portuguese (Guinea-Bissau);Portugués (Guinea-Bissau);Portugais (Guinée-Bissau);Portoghese (Guinea-Bissau)
pt_LU;Portugiesisch (Luxemburg);Portuguese (Luxembourg);Portugués (Luxemburgo);Portugais (Luxembourg);Portoghese (Lussemburgo)
pt_MO;Portugiesisch (Sonderverwaltungsregion Macau);Portuguese (Macao Special Administrative Region);Portugués (Región Administrativa Especial de Macao);Portugais (Région administrative spéciale de Macao);Portoghese (Regione amministrativa speciale di Macao)
pt_MZ;Portugiesisch (Mosambik);Portuguese (Mozambique);Portugués de Mozambique;Portugais (Mozambique);Portoghese (Mozambico)
pt_PT;Portugiesisch (Portugal);Portuguese (Portugal);Portugués (Portugal);Portugais (Portugal);Portoghese (Portogallo)
pt_ST;Portugiesisch (São Tomé und Príncipe);Portuguese (São Tomé and Prí;Portugués (Santo Tomé y Prí;Portugais (São Tomé et Prí;Portoghese (São Tomé e Prí
pt_TL;Portugiesisch (Timor-Leste);Portuguese (Timor-Leste);Portugués (Timor Oriental);Portugais (Timor-Leste);Portoghese (Timor Est)
qu;Quechua;Quechua;Quechua;Quechua;Quechua
qu_BO;Quechua (Bolivien);Quechua (Bolivia);Quechua (Bolivia);Quechua (Bolivie);Quechua (Bolivia)
qu_EC;Quechua (Ecuador);Quechua (Ecuador);Quechua (Ecuador);Quechua (Équateur);Quechua (Ecuador)
qu_PE;Quechua (Peru);Quechua (Peru);Quechua (Perú);Quechua (Pérou);Quechua (Perù)
rm;Rätoromanisch;Rhaeto-Romanic;Rético-románico;Rhéto-roman;Reto-romanico
rm_CH;Rätoromanisch (Schweiz);Rhaeto-Romanic (Switzerland);Rético-románico (Suiza);Rhéto-roman (Suisse);Retoromancio (Svizzera)
rn;Rundi;Rundi;Rundi;Rundi;Rundi
rn_BI;Rundi (Burundi);Rundi (Burundi);Rundi (Burundi);Rundi (Burundi);Rundi (Burundi)
ro;Rumänisch;Romanian;Rumano;Roumain;Rumeno
ro_MD;Rumänisch (Republik Moldau);Romanian (Republic of Moldova);Rumano (República de Moldavia);Roumain (République de Moldavie);Rumeno (Repubblica di Moldova)
ro_RO;Rumänisch (Rumänien);Romanian (Romania);Rumano (Rumanía);Roumain (Roumanie);Rumeno (Romania)
rof;Rombo;Rombo;Rombo;Rombo;Rombo
rof_TZ;Rombo (Tansania);Rombo (Tanzania);Rombo (Tanzania);Rombo (Tanzanie);Rombo (Tanzania)
ru;Russisch;Russian;Ruso;Russe;Russo
ru_BY;Russisch (Belarus);Russian (Belarus);Ruso (Bielorrusia);Russe (Biélorussie);Russo (Bielorussia)
ru_KG;Russisch (Kirgisistan);Russian (Kyrgyzstan);Ruso (Kirguistán);Russe (Kirghizistan);Russo (Kirghizistan)
ru_KZ;Russisch (Kasachstan);Russian (Kazakhstan);Ruso (Kazajstán);Russe (Kazakhstan);Russo (Kazakistan)
ru_MD;Russisch (Republik Moldau);Russian (Republic of Moldova);Ruso (República de Moldova);Russe (République de Moldavie);Russo (Repubblica di Moldova)
ru_RU;Russisch (Russland);Russian (Russia);Ruso (Rusia);Russe (Russie);Russo (Russia)
ru_UA;Russisch (Ukraine);Russian (Ukraine);Ruso (Ucrania);Russe (Ukraine);Russo (Ucraina)
rw;Kinyarwanda;Kinyarwanda;Kinyarwanda;Kinyarwanda;Kinyarwanda
rw_RW;Kinyarwanda (Ruanda);Kinyarwanda (Rwanda);Kinyarwanda (Ruanda);Kinyarwanda (Rwanda);Kinyarwanda (Ruanda)
rwk;Rwa;Rwa;Rwa;Rwa;Rwa
rwk_TZ;Rwa (Tansania);Rwa (Tanzania);Rwa (Tanzania);Rwa (Tanzanie);Rwa (Tanzania)
sah;Jakutisch;Yakutian;Yakutian;Yakoutie;Yakuziano
sah_RU;Jakutisch (Russland);Yakutian (Russia);Yakutia (Rusia);Yakoutie (Russie);Yakuziano (Russia)
saq;Samburu;Samburu;Samburu;Samburu;Samburu
saq_KE;Samburu (Kenia);Samburu (Kenya);Samburu (Kenia);Samburu (Kenya);Samburu (Kenya)
sbp;Sangu;Sangu;Sangu;Sangu;Sangu
sbp_TZ;Sangu (Tansania);Sangu (Tanzania);Sangu (Tanzania);Sangu (Tanzanie);Sangu (Tanzania)
se;Nordsamisch;Northern Sami;Sami septentrional;Sami du Nord;Sami settentrionale
se_FI;Nordsamisch (Finnland);Northern Sami (Finland);Sami septentrional (Finlandia);Sami du Nord (Finlande);Sami settentrionale (Finlandia)
se_NO;Nordsamisch (Norwegen);Northern Sami (Norway);Sami septentrional (Noruega);Sami du Nord (Norvège);Sami settentrionale (Norvegia)
se_SE;Nordsamisch (Schweden);Northern Sami (Sweden);Sami septentrional (Suecia);Sami du Nord (Suède);Sami settentrionale (Svezia)
seh;Sena;Sena;Sena;Sena;Sena
seh_MZ;Sena (Mosambik);Sena (Mozambique);Sena (Mozambique);Séna (Mozambique);Sena (Mozambico)
ses;Koyra Senni;Koyra Senni;Koyra Senni;Koyra Senni;Koyra Senni
ses_ML;Koyra Senni (Mali);Koyra Senni (Mali);Koyra Senni (Malí);Koyra Senni (Mali);Koyra Senni (Mali)
sg;Sango;Sango;Sango;Sango;Sango
sg_CF;Sango (Zentralafrikanische Republik);Sango (Central African Republic);Sango (República Centroafricana);Sango (République centrafricaine);Sango (Repubblica Centrafricana)
shi;Taschelhit;Taschelhit;Taschelhit;Taschelhit;Taschelhit
shi_Latn;Taschelhit (Lateinisch);Taschelhit (Latin);Taschelhit (latín);Taschelhit (latin);Taschelhit (latino)
shi_Latn_MA;Taschelhit (Lateinisch, Marokko);Taschelhit (Latin, Morocco);Taschelhit (latín, Marruecos);Taschelhit (latin, Maroc);Taschelhit (latino, Marocco)
shi_Tfng;Taschelhit (Tifinagh);Taschelhit (Tifinagh);Taschelhit (Tifinagh);Taschelhit (Tifinagh);Taschelhit (Tifinagh)
shi_Tfng_MA;Taschelhit (Tifinagh, Marokko);Taschelhit (Tifinagh, Morocco);Taschelhit (Tifinagh, Marruecos);Taschelhit (Tifinagh, Maroc);Taschelhit (Tifinagh, Marocco)
si;Singhalesisch;Sinhala;Sinhala;Cinghalais;Sinhala
si_LK;Singhalesisch (Sri Lanka);Sinhala (Sri Lanka);Cingalés (Sri Lanka);Cinghalais (Sri Lanka);Sinhala (Sri Lanka)
sk;Slowakisch;Slovak;Eslovaco;Slovaque;Slovacco
sk_SK;Slowakisch (Slowakei);Slovak (Slovakia);Eslovaco (Eslovaquia);Slovaque (Slovaquie);Slovacco (Slovacchia)
sl;Slowenisch;Slovenian;Esloveno;Slovène;Sloveno
sl_SI;Slowenisch (Slowenien);Slovenian (Slovenia);Esloveno (Eslovenia);Slovène (Slovénie);Sloveno (Slovenia)
smn;Inari-Samisch;Inari Sami;Inari Sami;Inari-Samien;Inari Sami
smn_FI;Inari-Samisch (Finnland);Inari Sami (Finland);Inari Sami (Finlandia);Sami Inari (Finlande);Inari Sami (Finlandia)
sn;Shona;Shona;Shona;Shona;Shona
sn_ZW;Shona (Simbabwe);Shona (Zimbabwe);Shona (Zimbabue);Shona (Zimbabwe);Shona (Zimbabwe)
so;Somali;Somali;Somalí;Somali;Somalo
so_DJ;Somali (Dschibuti);Somali (Djibouti);Somalí (Yibuti);Somali (Djibouti);Somalo (Gibuti)
so_ET;Somali (Äthiopien);Somali (Ethiopia);Somalí (Etiopía);Somali (Éthiopie);Somalo (Etiopia)
so_KE;Somali (Kenia);Somali (Kenya);Somalí (Kenia);Somali (Kenya);Somalo (Kenya)
so_SO;Somali (Somalia);Somali (Somalia);Somalí (Somalia);Somali (Somalie);Somalo (Somalia)
sq;Albanisch;Albanian;Albanés;Albanais;Albanese
sq_AL;Albanisch (Albanien);Albanian (Albania);Albanés (Albania);Albanais (Albanie);Albanese (Albania)
sq_MK;Albanisch (Mazedonien);Albanian (Macedonia);Albanés (Macedonia);Albanais (Macédoine);Albanese (Macedonia)
sq_XK;Albanisch (Kosovo);Albanian (Kosovo);Albanés (Kosovo);Albanais (Kosovo);Albanese (Kosovo)
sr;Serbisch;Serbian;Serbio;Serbe;serbo
sr_Cyrl;Serbisch (Kyrillisch);Serbian (Cyrillic);Serbio (cirílico);Serbe (cyrillique);Serbo (cirillico)
sr_Cyrl_BA;Serbisch (Kyrillisch, Bosnien und Herzegowina);Serbian (Cyrillic, Bosnia and Herzegovina);Serbio (cirílico, Bosnia y Herzegovina);Serbe (cyrillique, Bosnie-Herzégovine);Serbo (cirillico, Bosnia-Erzegovina)
sr_Cyrl_ME;Serbisch (Kyrillisch, Montenegro);Serbian (Cyrillic, Montenegro);Serbio (cirílico, Montenegro);Serbe (cyrillique, Monténégro);Serbo (cirillico, Montenegro)
sr_Cyrl_RS;Serbisch (Kyrillisch, Serbien);Serbian (Cyrillic, Serbia);Serbio (cirílico, Serbia);Serbe (cyrillique, Serbie);Serbo (cirillico, Serbia)
sr_Cyrl_XK;Serbisch (Kyrillisch, Kosovo);Serbian (Cyrillic, Kosovo);Serbio (cirílico, Kosovo);Serbe (cyrillique, Kosovo);Serbo (cirillico, Kosovo)
sr_Latn;Serbisch (Lateinisch);Serbian (Latin);Serbio (latín);Serbe (latin);Serbo (latino)
sr_Latn_BA;Serbisch (Lateinisch, Bosnien und Herzegowina);Serbian (Latin, Bosnia and Herzegovina);Serbio (latín, Bosnia y Herzegovina);Serbe (latin, Bosnie-Herzégovine);Serbo (latino, Bosnia-Erzegovina)
sr_Latn_ME;Serbisch (Lateinisch, Montenegro);Serbian (Latin, Montenegro);Serbio (latín, Montenegro);Serbe (latin, Monténégro);Serbo (latino, Montenegro)
sr_Latn_RS;Serbisch (Lateinisch, Serbien);Serbian (Latin, Serbia);Serbio (latín, Serbia);Serbe (latin, Serbie);Serbo (latino, Serbia)
sr_Latn_XK;Serbisch (Lateinisch, Kosovo);Serbian (Latin, Kosovo);Serbio (latín, Kosovo);Serbe (latin, Kosovo);Serbo (latino, Kosovo)
sv;Schwedisch;Swedish;Sueco;Suédois;Svedese
sv_AX;Schwedisch (Ålandinseln);Swedish (Åland Islands);Sueco (Islas Åland);Suédois (Îles Åland);Svedese (Isole Åland)
sv_FI;Schwedisch (Finnland);Swedish (Finland);Sueco (Finlandia);Suédois (Finlande);Svedese (Finlandia)
sv_SE;Schwedisch (Schweden);Swedish (Sweden);Sueco (Suecia);Suédois (Suède);Svedese (Svezia)
sw;Suaheli;Swahili;Suajili;Swahili;Swahili
sw_CD;Suaheli (Kongo-Kinshasa);Swahili (Congo-Kinshasa);Suajili (Congo-Kinshasa);Swahili (Congo-Kinshasa);Swahili (Congo-Kinshasa)
sw_KE;Suaheli (Kenia);Swahili (Kenya);Suajili (Kenia);Swahili (Kenya);Swahili (Kenya)
sw_TZ;Suaheli (Tansania);Swahili (Tanzania);Suajili (Tanzania);Swahili (Tanzanie);Swahili (Tanzania)
sw_UG;Suaheli (Uganda);Swahili (Uganda);Suajili (Uganda);Swahili (Ouganda);Swahili (Uganda)
ta;Tamil;Tamil;Tamil;Tamoul;Tamil
ta_IN;Tamil (Indien);Tamil (India);Tamil (India);Tamoul (Inde);Tamil (India)
ta_LK;Tamil (Sri Lanka);Tamil (Sri Lanka);Tamil (Sri Lanka);Tamoul (Sri Lanka);Tamil (Sri Lanka)
ta_MY;Tamil (Malaysia);Tamil (Malaysia);Tamil (Malasia);Tamoul (Malaisie);Tamil (Malesia)
ta_SG;Tamil (Singapur);Tamil (Singapore);Tamil (Singapur);Tamil (Singapour);Tamil (Singapore)
te;Telugu;Telugu;Telugu;Télougou;Telugu
te_IN;Telugu (Indien);Telugu (India);Telugu (India);Telugu (Inde);Telugu (India)
teo;Teso;Teso;Teso;Teso;Teso
teo_KE;Teso (Kenia);Teso (Kenya);Teso (Kenia);Teso (Kenya);Teso (Kenya)
teo_UG;Teso (Uganda);Teso (Uganda);Teso (Uganda);Teso (Ouganda);Teso (Uganda)
tg;Tadschikisch;Tajik;Tayiko;Tadjik;Tagico
tg_TJ;Tadschikisch (Tadschikistan);Tajik (Tajikistan);Tayiko (Tayikistán);Tadjik (Tadjikistan);Tagico (Tagikistan)
th;Thailändisch;Thai;Tailandés;Thaïlandais;Tailandese
th_TH;Thailändisch (Thailand);Thai (Thailand);Tailandés (Tailandia);Thaïlandais (Thaïlande);Thai (Thailandia)
ti;Tigrinya;Tigrinya;Tigriña;Tigrinya;Tigrino
ti_ER;Tigrinya (Eritrea);Tigrinya (Eritrea);Tigriña (Eritrea);Tigrinya (Érythrée);Tigrino (Eritrea)
ti_ET;Tigrinya (Äthiopien);Tigrinya (Ethiopia);Tigriña (Etiopía);Tigrinya (Éthiopie);Tigrino (Etiopia)
to;Tongaisch;Tongan;Tongano;Tongien;Tongano
to_TO;Tongaisch (Tonga);Tongan (Tonga);tongano (Tonga);Tongien (Tonga);Tongano (Tonga)
tr;Türkisch;Turkish;Turco;Turc;turco
tr_CY;Türkisch (Zypern);Turkish (Cyprus);Turco (Chipre);Turc (Chypre);Turco (Cipro)
tr_TR;Türkisch (Türkei);Turkish (Turkey);Turco (Turquía);Turc (Turquie);Turco (Turchia)
tt;Tatarisch;Tatar;Tártaro;Tatar;tataro
tt_RU;Tatarisch (Russland);Tatar (Russia);Tártaro (Rusia);Tatar (Russie);Tatar (Russia)
twq;Tasawaq;Tasawaq;Tasawaq;Tasawaq;Tasawaq
twq_NE;Tasawaq (Niger);Tasawaq (Niger);Tasawaq (Níger);Tasawaq (Niger);Tasawaq (Niger)
tzm;Zentralatlas-Tamazight;Central Atlas Tamazight;Tamazight del Atlas Central;Atlas central-Tamazight;Tamazight dell'Atlante centrale
tzm_MA;Zentralatlas-Tamazight (Marokko);Central Tamazight (Morocco);Tamazight central (Marruecos);Tamazight de l'Atlas central (Maroc);Tamazight centrale (Marocco)
ug;Uigurisch;Uyghur;Uigur;Ouïgour;Uiguro
ug_CN;Uigurisch (China);Uyghur (China);Uigur (China);Ouïgour (Chine);Uiguro (Cina)
uk;Ukrainisch;Ukrainian;Ucraniano;Ukrainien;Ucraino
uk_UA;Ukrainisch (Ukraine);Ukrainian (Ukraine);Ucraniano (Ucrania);Ukrainien (Ukraine);Ucraino (Ucraina)
ur;Urdu;Urdu;Urdu;Ourdou;Urdu
ur_IN;Urdu (Indien);Urdu (India);Urdu (India);Urdu (Inde);Urdu (India)
ur_PK;Urdu (Pakistan);Urdu (Pakistan);Urdu (Pakistán);Urdu (Pakistan);Urdu (Pakistan)
uz;Usbekisch;Uzbek;Uzbeko;Ouzbek;Uzbeko
uz_Arab;Usbekisch (Arabisch);Uzbek (Arabic);Uzbeko (árabe);Ouzbek (arabe);Uzbeko (arabo)
uz_Arab_AF;Usbekisch (Arabisch, Afghanistan);Uzbek (Arabic, Afghanistan);Uzbeko (árabe, Afganistán);Ouzbek (arabe, Afghanistan);Uzbeko (arabo, Afghanistan)
uz_Cyrl;Usbekisch (Kyrillisch);Uzbek (Cyrillic);Uzbeko (cirílico);Ouzbek (Cyrillique);Uzbeko (cirillico)
uz_Cyrl_UZ;Usbekisch (Kyrillisch, Usbekistan);Uzbek (Cyrillic, Uzbekistan);Uzbeko (cirílico, Uzbekistán);Ouzbek (cyrillique, Ouzbékistan);Uzbeko (cirillico, Uzbekistan)
uz_Latn;Usbekisch (Lateinisch);Uzbek (Latin);Uzbeko (latín);Ouzbek (latin);Uzbeko (latino)
uz_Latn_UZ;Usbekisch (Lateinisch, Usbekistan);Uzbek (Latin, Uzbekistan);Uzbeko (latín, Uzbekistán);Ouzbek (latin, Ouzbékistan);Uzbeko (latino, Uzbekistan)
vai;Vai;Vai;Vai;Vai;Vai
vai_Latn;Vai (Lateinisch);Vai (Latin);Vai (latín);Vai (latin);Vai (latino)
vai_Latn_LR;Vai (Lateinisch, Liberia);Vai (Latin, Liberia);Vai (latín, Liberia);Vai (latin, Libéria);Vai (latino, Liberia)
vai_Vaii;Vai (Vai);Vai (Vai);Vai (Vai);Vai (Vai);Vai (Vai)
vai_Vaii_LR;Vai (Vai, Liberia);Vai (Vai, Liberia);Vai (Vai, Liberia);Vai (Vai, Libéria);Vai (Vai, Liberia)
vi;Vietnamesisch;Vietnamese;Vietnamita;Vietnamien;Vietnamita
vi_VN;Vietnamesisch (Vietnam);Vietnamese (Vietnam);Vietnamita (Vietnam);Vietnamien (Vietnam);Vietnamita (Vietnam)
vun;Vunjo;Vunjo;Vunjo;Vunjo;Vunjo
vun_TZ;Vunjo (Tansania);Vunjo (Tanzania);Vunjo (Tanzania);Vunjo (Tanzanie);Vunjo (Tanzania)
wae;Walliserdeutsch;Valais German;Valais Alemán;Valaisan;Tedesco del Vallese
wae_CH;Walliserdeutsch (Schweiz);Walliserdeutsch (Switzerland);Walliserdeutsch (Suiza);Walliserdeutsch (Suisse);Walliserdeutsch (Svizzera)
wo;Wolof;Wolof;Wolof;Wolof;Wolof
wo_SN;Wolof (Senegal);Wolof (Senegal);Wolof (Senegal);Wolof (Sénégal);Wolof (Senegal)
xog;Soga;Soga;Soga;Soga;Soga
xog_UG;Soga (Uganda);Soga (Uganda);Soga (Uganda);Soga (Ouganda);Soga (Uganda)
yav;Yangben;Yangben;Yangben;Yangben;Yangben
yav_CM;Yangben (Kamerun);Yangben (Cameroon);Yangben (Camerún);Yangben (Cameroun);Yangben (Camerun)
yi;Jiddisch;Yiddish;Yiddish;Yiddish;Yiddish
yi_001;Jiddisch (Welt);Yiddish (World);Yiddish (Mundo);Yiddish (monde);Yiddish (Mondo)
yo;Yoruba;Yoruba;Yoruba;Yoruba;Yoruba
yo_BJ;Yoruba (Benin);Yoruba (Benin);Yoruba (Benín);Yoruba (Bénin);Yoruba (Benin)
yo_NG;Yoruba (Nigeria);Yoruba (Nigeria);Yoruba (Nigeria);Yoruba (Nigeria);Yoruba (Nigeria)
yue;Kantonesisch;Cantonese;Cantonés;Cantonais;Cantonese
yue_Hans;Kantonesisch (Vereinfacht);Cantonese (Simplified);Cantonés (simplificado);Cantonais (simplifié);Cantonese (semplificato)
yue_Hans_CN;Kantonesisch (Vereinfacht, China);Cantonese (Simplified, China);Cantonés simplificado (China);Cantonais (Simplifié, Chine);Cantonese (semplificato, Cina)
yue_Hant;Kantonesisch (Traditionell);Cantonese (Traditional);Cantonés tradicional;Cantonais (traditionnel);Cantonese (tradizionale)
yue_Hant_HK;Kantonesisch (Traditionell, Sonderverwaltungsregion Hongkong);Cantonese (Traditional, Hong Kong Special Administrative Region);Cantonés (tradicional, Región Administrativa Especial de Hong Kong);Cantonais (Traditionnel, Région administrative spéciale de Hong Kong);Cantonese (tradizionale, Regione amministrativa speciale di Hong Kong)
zgh;Tamazight;Tamazight;Tamazight;Tamazight;Tamazight
zgh_MA;Tamazight (Marokko);Tamazight (Moroccan);Tamazight (marroquí);Tamazight (Maroc);Tamazight (marocchino)
zh;Chinesisch;Chinese;Chino;Chinois;Cinese
zh_Hans;Chinesisch (Vereinfacht);Chinese (Simplified);Chino (simplificado);Chinois (simplifié);Cinese (semplificato)
zh_Hans_CN;Chinesisch (Vereinfacht, China);Chinese (Simplified, China);Chino (simplificado, China);Chinois (simplifié, Chine);Cinese (semplificato, Cina)
zh_Hans_HK;Chinesisch (Vereinfacht, Sonderverwaltungsregion Hongkong);Chinese (Simplified, Hong Kong Special Administrative Region);Chino (simplificado, Región Administrativa Especial de Hong Kong);Chinois (Simplifié, Région administrative spéciale de Hong Kong);Cinese (semplificato, Regione amministrativa speciale di Hong Kong)
zh_Hans_MO;Chinesisch (Vereinfacht, Sonderverwaltungsregion Macau);Chinese (Simplified, Macau Special Administrative Region);Chino (simplificado, Región Administrativa Especial de Macao);Chinois (Simplifié, Région administrative spéciale de Macao);Cinese (semplificato, Regione amministrativa speciale di Macao)
zh_Hans_SG;Chinesisch (Vereinfacht, Singapur);Chinese (Simplified, Singapore);Chino simplificado de Singapur;Chinois (Simplifié, Singapour);Cinese (semplificato, Singapore)
zh_Hant;Chinesisch (Traditionell);Chinese (Traditional);Chino tradicional;Chinois (traditionnel);Cinese (tradizionale)
zh_Hant_HK;Chinesisch (Traditionell, Sonderverwaltungsregion Hongkong);Chinese (Traditional, Hong Kong Special Administrative Region);Chino (tradicional, Región Administrativa Especial de Hong Kong);Chinois (traditionnel, Région administrative spéciale de Hong Kong);Cinese (tradizionale, Regione amministrativa speciale di Hong Kong)
zh_Hant_MO;Chinesisch (Traditionell, Sonderverwaltungsregion Macau);Chinese (Traditional, Macau Special Administrative Region);Chino (tradicional, Región Administrativa Especial de Macao);Chinois (Traditionnel, Région administrative spéciale de Macao);Cinese (tradizionale, Regione amministrativa speciale di Macao)
zh_Hant_TW;Chinesisch (Traditionell, Taiwan);Chinese (Traditional, Taiwan);Chino (tradicional, Taiwán);Chinois (traditionnel, Taïwan);Cinese (tradizionale, Taiwan)
zu;Zulu;Zulu;Zulú;Zoulou;Zulu
zu_ZA;Zulu (Südafrika);Zulu (South Africa);Zulú (Sudáfrica);Zoulou (Afrique du Sud);Zulu (Sudafrica)
